{"cameraMode":{"drawMode":0,"name":"Shaded","section":"Shading Mode"},"sceneLighting":true,"audioPlay":false,"sceneViewState":{"m_AlwaysRefresh":false,"showFog":true,"showSkybox":true,"showFlares":true,"showImageEffects":true,"showParticleSystems":true,"showVisualEffectGraphs":true,"m_FxEnabled":true},"in2DMode":false,"pivot":{"x":34.39881896972656,"y":12.384814262390137,"z":-124.02056884765625},"rotation":{"x":0.00034959358163177967,"y":0.9994691610336304,"z":-0.016803378239274026,"w":0.024925822392106057},"size":34.41061019897461,"orthographic":false}